plan,avg_mrr,estimated_lifespan,clv
Professional,497.04127167630025,2.08434,1036.0016870215902
Starter,215.54359447004606,1.41830,305.7056210988556
Business,1303.6364375000003,2.42424,3160.3307575757585
Enterprise,2984.9930000000004,4.54545,13568.150000000003
